{
  "regression": {
    "XGBoost": {
      "r2": -0.0017041858022095457,
      "rmse": 2860.406544800621,
      "mae": 2476.8617677083334
    },
    "LightGBM": {
      "r2": -0.0023278935858950245,
      "rmse": 2861.296917541787,
      "mae": 2477.645025749624
    },
    "CatBoost": {
      "r2": -0.007392479648093975,
      "rmse": 2868.5166233917826,
      "mae": 2480.714826260171
    }
  },
  "classification_leakage_free": {
    "XGBoost": {
      "roc_auc": 0.5072534851361724,
      "accuracy": 0.6950666666666667,
      "f1": 0.0
    },
    "LightGBM": {
      "roc_auc": 0.504424334877716,
      "accuracy": 0.6941333333333334,
      "f1": 0.0008710801393728223
    },
    "CatBoost": {
      "roc_auc": 0.4999931639737896,
      "accuracy": 0.6950666666666667,
      "f1": 0.0
    }
  },
  "classification_with_leakage": {
    "XGBoost": {
      "roc_auc": 1.0,
      "accuracy": 1.0,
      "f1": 1.0
    },
    "LightGBM": {
      "roc_auc": 0.9999865795804458,
      "accuracy": 0.9978666666666667,
      "f1": 0.9965034965034965
    },
    "CatBoost": {
      "roc_auc": 0.999994883465045,
      "accuracy": 0.9993333333333333,
      "f1": 0.9989056686364631
    }
  },
  "best": {
    "regression": "XGBoost",
    "classification": "XGBoost"
  }
}