{
  "regression": {
    "XGBoost": {
      "r2": -0.0017881705677513793,
      "rmse": 2860.526453223332,
      "mae": 2476.979365559896
    },
    "LightGBM": {
      "r2": -0.002426562401616872,
      "rmse": 2861.4377466220417,
      "mae": 2477.527918798844
    },
    "CatBoost": {
      "r2": -0.0006318036310160036,
      "rmse": 2858.875019608576,
      "mae": 2475.6656776564387
    }
  },
  "classification_leakage_free": {
    "XGBoost": {
      "roc_auc": 0.5078483032941007,
      "accuracy": 0.6950666666666667,
      "f1": 0.0
    },
    "LightGBM": {
      "roc_auc": 0.5071488058636497,
      "accuracy": 0.6948,
      "f1": 0.0
    },
    "CatBoost": {
      "roc_auc": 0.4952032484796552,
      "accuracy": 0.6946666666666667,
      "f1": 0.0008726003490401396
    }
  },
  "classification_with_leakage": {
    "XGBoost": {
      "roc_auc": 1.0,
      "accuracy": 1.0,
      "f1": 1.0
    },
    "LightGBM": {
      "roc_auc": 0.9999857408042236,
      "accuracy": 0.9973333333333333,
      "f1": 0.9956293706293706
    },
    "CatBoost": {
      "roc_auc": 0.9999952189755338,
      "accuracy": 0.9993333333333333,
      "f1": 0.9989056686364631
    }
  },
  "best": {
    "regression": "CatBoost",
    "classification": "XGBoost"
  }
}